URL,チャンネル名,登録者数,総再生数,投稿数,初投稿日,平均再生数,投稿頻度(1/year)
https://www.youtube.com/channel/UC3og_gAUXsEGW-qDoiGCMOQ,鷲 [NavyEagle2000],18800,4834671,49,2016/02/11,98667,8.09
https://www.youtube.com/channel/UC7fwFjZKiaHtcDnH1JUkFuw,サトウキビしゅがー,10500,5614623,50,2016/05/22,112292,8.65
https://www.youtube.com/channel/UCzB8_PC3Siup1Zai8EfJC2g,中丸・中村造船,10700,1252667,39,2018/07/21,32120,10.79
https://www.youtube.com/user/matubokkjp,matubokkjp,7640,2354690,34,2013/06/14,69256,3.90
https://www.youtube.com/user/nechonidus,王立製作所【ネコ3世 and M.C.M.】,6860,2510516,52,2013/06/30,48279,5.99
https://www.youtube.com/channel/UCVCIwy9C9nZCSgMBanbicOQ,チビすけ,5710,1206812,84,2015/09/12,14367,12.98
https://www.youtube.com/channel/UCAhWksojRXPhWZeWU6klw4w,uniabo,3680,1117745,200,2016/04/02,5589,33.81
https://www.youtube.com/channel/UCnIJW9L4JPXWTLakVJL6aPA,amu_yugo,2260,314614,24,2016/08/23,13109,4.35
https://www.youtube.com/channel/UCWc6h3RiZQuix7U4Cced8fg,逆方面のジーニアス_,1210,198034,42,2017/12/08,4715,9.93
https://www.youtube.com/user/tamashiropod,塩屋丸,2720,664290,51,2012/11/15,13025,5.49
https://www.youtube.com/channel/UChTecvFw28tdseOQOJ1RDmA,Nereidon,3290,1534435,30,2013/12/24,51148,3.66
https://www.youtube.com/channel/UCTyWgqo8GiiKap3-ecD6WVQ,ʘきり,1610,256458,13,2017/09/06,19728,2.90
https://www.youtube.com/channel/UCLwDneZsOVr_cWKXYK-Vzww,umikaze102,3610,372730,25,2016/09/01,14909,4.55
https://www.youtube.com/user/nozinozigunnzibu,野尻航輝,3540,33500,2,2015/03/27,16750,0.29
https://www.youtube.com/channel/UCrbf28FSEmVm1moy-BbzlQQ,犬甘みかん,2360,461674,16,2015/04/11,28855,2.32
https://www.youtube.com/channel/UCc69hJ5mwisOY32RmEB3Xtg,sak a,2580,782159,41,2012/11/12,19077,4.41
https://www.youtube.com/channel/UC8K2d3X4zLhf6G0NbNUdV5A,東風谷ポッキー,2610,832800,95,2014/04/29,8766,12.11
https://www.youtube.com/channel/UCMbyDFdjJZ4gjWNPZ7Jv31Q,れもん,1910,192,9,2014/08/11,21,1.19
https://www.youtube.com/channel/UCOHo2OjTEx__ki-vNCYttJQ,グロウジーク,1570,11940,16,2019/12/21,746,7.29
https://www.youtube.com/channel/UCZdbfCBSeWYhRhIX8k2jJhQ,加魅那ロリコry,1130,360428,54,2015/01/17,6675,7.58
https://www.youtube.com/channel/UCfinanJHgu7a__WILI0JL3w,/ たいさ / taisa,4180,858486,175,2016/02/07,4906,28.85
https://www.youtube.com/channel/UClA1BuykNif3_zxjBcOFB_A,タンザナイト,3920,1189282,80,2017/03/31,14866,16.26
https://www.youtube.com/user/zclass38,ⓩclassDestroyer,2710,1065462,54,2013/07/04,19731,6.23
https://www.youtube.com/user/SayamaMX,Sandman Channel,0,3093695,115,2013/06/06,26902,13.16
https://www.youtube.com/user/nafutaren0801,なふたれんチャンネル,3410,1862829,891,2013/01/05,2091,97.31
https://www.youtube.com/user/nobori031404130814,Aパルティエ,2000,733589,46,2015/10/28,15948,7.25
https://www.youtube.com/channel/UCiPopwfnecQmGOU0S8FmevQ,鮭酒,1510,255010,2,2015/10/09,127505,0.31
https://www.youtube.com/channel/UCGXtZ4-cWuPKKyC8ao9Izxw,河村ケンジロウ,1070,0,0,2013/06/14,#DIV/0!,0.00
https://www.youtube.com/channel/UC8n0XLOUR5Spj7BPsC3vr4w,yuma 2002,1740,435855,136,2016/06/12,3205,23.77
https://www.youtube.com/channel/UCkC-XW5O1pw9c9tXjdvRJ-w,三沢みれん,2530,683796,266,2014/04/04,2571,33.62
https://www.youtube.com/channel/UCcrIcnVK9IzIt0L5cQCj9ZQ,みもっ!,1740,236603,107,2018/04/06,2211,27.41
https://www.youtube.com/channel/UCB5JciDmn6br8HP4uXOw0aw,MINWORチャンネル【ミンワーチャンネル】軍事:ANF帝国,3150,2341738,363,2018/04/10,6451,93.24
https://www.youtube.com/channel/UCLf176qimbymoSwEFl7wv1w,籠目,1210,168312,8,2020/09/18,21039,5.52
https://www.youtube.com/channel/UCKeDkguxStk5hiqz0-v_dSQ,ゆうぎり,2020,567306,72,2020/06/26,7879,42.87
https://www.youtube.com/channel/UCaTLbvQKs4MRLEOiSWEwxCA,oikawa 200,1170,116636,14,2018/12/25,8331,4.40
https://www.youtube.com/channel/UCR-TrCtPAXeXa_lLuGNXAfA,Fuzawaゆっくり,3010,229517,53,2018/05/18,4331,13.99
https://www.youtube.com/channel/UCR0g5kMYlSx97D_1VB2rYUQ,ひーくんくん,1540,2418320,45,2014/06/14,53740,5.83
https://www.youtube.com/channel/UCcm1NaNtpLjx1YumxbNXlSw,pastelair,3850,1196466,14,2019/08/31,85462,5.60
https://www.youtube.com/channel/UCKtXUFzaJPvPHIe5ZxbPyJA,ただのまふぃん,1890,56658,50,2015/07/17,1133,7.54
https://www.youtube.com/channel/UCYn4nvL7AFX6cfZ0ZDwVVcQ,harutakaチャンネル,2800,3255664,33,2015/08/28,98656,5.07
https://www.youtube.com/channel/UCnSy2DH66WERLueMUeLsEVg,Toilet Eastern,1040,0,0,2013/04/27,#DIV/0!,0.00
https://www.youtube.com/channel/UCOrENzNp5pp3JCU6Tgpa-3w,ＳＳのチャンネル,1390,551628,58,2014/09/20,9511,7.79
https://www.youtube.com/channel/UC9CQbTJmS3v2xGHyVmGu4wA,ペングイーーん,3090,426947,12,2020/03/10,35579,6.07
https://www.youtube.com/channel/UCOvgLogPPNM5GJ_zZmkvmBw,Masa,901,553290,5,2017/11/10,110658,1.16
https://www.youtube.com/user/o0oKILLAo0o,KILLA / デジタルゲームチャンネル,869,765247,360,2011/09/04,2126,34.30
https://www.youtube.com/user/takahiko102,PC RT5,36,0,0,2012/12/11,#DIV/0!,0.00
https://www.youtube.com/channel/UCVlkgSmsOXTMH2HF3WoIccQ,void hoge,730,243593,126,2015/04/29,1933,18.41
https://www.youtube.com/channel/UCC20Z9qdNw0qadQATT7yMwQ,Cell NK,33,1806,3,2019/02/18,602,0.99
https://www.youtube.com/channel/UCYQaNyBGIKe5a9u5toS1pKQ,Centurion,1000,150755,21,2018/01/08,7179,5.07
https://www.youtube.com/channel/UCHGp-2TawtOvC7wi3svsOjg,野良くま,358,78742,37,2020/02/06,2128,17.91
https://www.youtube.com/channel/UCSZYgH45UlKbE0jSAmZXIIA,からす,355,25074,7,2021/01/07,3582,6.11
https://www.youtube.com/channel/UCt2ryxruFsE7tJ43VvHlbqQ,しえのチャンネル,112,12018,39,2018/07/10,308,10.70
https://www.youtube.com/channel/UCiR8_qI8pxowRy7Kkmd9ouQ,Yunagi Fleet,1080,131397,42,2018/09/17,3129,12.16
https://www.youtube.com/channel/UCYQm9zxlltBK-AMudYtWMRQ,なとりうむ。,180,4800,25,2018/01/30,192,6.12
https://www.youtube.com/channel/UCiTyY5sNLiicSIPjxiZjoYw,クリーパー妖夢,456,148452,77,2015/05/02,1928,11.26
https://www.youtube.com/channel/UC5CUKBxukc9m1BDWXaI-mxA,白駒おうひ,54,2149,13,2019/01/01,165,4.11
https://www.youtube.com/channel/UCQ7nW6Bjh70TfE8GSHswLLg,白狼天狗SENYA,312,20962,12,2019/12/03,1747,5.35
https://www.youtube.com/channel/UCgLBfnQrcw0O1h7CpRxg2og,まふらーのゲーム実況,35,9139,29,2020/05/12,315,16.09
https://www.youtube.com/c/%E3%81%BE%E3%81%84%E3%81%A3%E3%81%A1,まいっち,148,24875,37,2020/01/24,672,17.61
https://www.youtube.com/channel/UCFggwsmnDh-lgEpkT_YNMMA,幻夢幽子・夢幻霊子,254,31854,14,2016/01/03,2275,2.27
https://www.youtube.com/channel/UC-qD1GbrayAMOgVr9kHcKcg,BongoBongo,342,65935,17,2020/07/18,3879,10.50
https://www.youtube.com/channel/UCkHsHo3uiMU3j5Eyh31trmg,ホーク愛好家,4260,40330,77,2020/01/30,524,36.93
https://www.youtube.com/channel/UChihHDPVvpk7GJ1Jf8O3SJg,ゆうぎり,0,922,2,2020/05/28,461,1.14
https://www.youtube.com/channel/UCNLe1FUpD31eMAjLSZo1FMw,らんねこღ蘭猫ღ,213,16787,5,2020/04/08,3357,2.64
https://www.youtube.com/channel/UCmXOlv0HMyI_dlGKI-tsdZw,KAZU,643,113790,7,2019/05/02,16256,2.47
https://www.youtube.com/channel/UC4ZjRVgDFqvzzPoVqR0FxrQ,妖人,418,64686,33,2017/10/03,1960,7.48
https://www.youtube.com/channel/UCVfMWSty1ilfsBjODOLJVeg,Quad-uav！,1240,1270283,7,2019/07/01,181469,2.62
https://www.youtube.com/channel/UCZAsWTwdHt0rJO53Ltroc2A,あさくら珈琲工房☕️,891,112557,43,2020/05/09,2618,23.74
https://www.youtube.com/channel/UCxSMwRM3FS_5fuzLYU8LJaA,インフェニティー,34,1074,14,2015/07/11,77,2.11
https://www.youtube.com/channel/UCi2R3a7kFQHwhOxZVGEoEgA,マイフレさん,386,12799,26,2020/02/16,492,12.76
https://www.youtube.com/user/gensijin0302,ねこです,71,17561,39,2013/12/18,450,4.75
https://www.youtube.com/channel/UCX3I3JzCK9IQEphBzZyixMA,浅野正行そ勝環,16,872,7,2015/10/31,125,1.10
https://www.youtube.com/channel/UC2jXrP9_L63DC49NCz_HIPw,kiti1231元帥,36,4717,6,2016/03/09,786,1.00
https://www.youtube.com/channel/UC20uDMj2Prwo8XT9eXrtABg,KATZEchannel,91,14867,37,2015/10/07,402,5.78
https://www.youtube.com/channel/UCLqAX_BtlDB_QIgYD4qyZjw,Militaryなgundamさん,138,22680,2,2017/08/29,11340,0.44
https://www.youtube.com/channel/UCTqrIj1WyqOk5ZoGIICGKhA,Fujisan130,37,390,5,2020/11/27,78,3.98
https://www.youtube.com/user/bshop1059fhoicvd4w,びしほっぷ,0,91,5,2015/01/18,18,0.70
https://www.youtube.com/channel/UC6jiTi1LMP2bVmTmaX6UeLA,Project大和,401,764,2,2019/05/19,382,0.72
https://www.youtube.com/channel/UCF19DeWOguSIzPqzv_6XzfA,Attacker日ノ本,240,23413,16,2018/04/28,1463,4.16
https://www.youtube.com/channel/UCtXnTHSCFFZ9HrtMn-GWqeA,HAHA軍事軍事,94,13299,71,2018/04/08,187,18.21
https://www.youtube.com/channel/UC0k6ZyJxoOAQhq1rxnhPcUQ,MC ranto,650,53667,12,2020/08/14,4472,7.77
https://www.youtube.com/channel/UCNvYURSQd3MVQileq80uhrQ,リンリン,120,10645,11,2019/09/24,968,4.52
https://www.youtube.com/channel/UCUwuRWAioCBaUrCCTejz1Zw,Tuduraw,487,132982,54,2018/08/16,2463,15.24
https://www.youtube.com/channel/UCA2MF70Nd1B-X_DZRC4sOFQ,アスバシア研究開発業（元重工業）,343,54932,34,2019/07/12,1616,12.89
https://www.youtube.com/channel/UCYFSYFql8pPN7iNY85m2iRA,MWD公式アカウント,36,1272,4,2019/09/10,318,1.62
https://www.youtube.com/channel/UCcs944Dwk01XtGZBWY2KFvQ,シノン軍曹,0,104205,236,2017/09/29,442,53.37
https://www.youtube.com/channel/UC6rRh545oO5ISAbx7HdquUg,睦月,153,29728,16,2017/12/11,1858,3.79
https://www.youtube.com/channel/UCTbndixd4QRrdt8uUoA8L7w,コカインたき,17,1110,4,2018/03/04,278,1.00
https://www.youtube.com/channel/UCC6Qihu3Ichr5MY6MFkbjWQ,ゆっくりカズのこ,237,32607,66,2018/03/11,494,16.60
https://www.youtube.com/channel/UCEaQ-mVnLO2po9vk0BQII-w,kirishima999,202,37248,57,2020/03/14,653,29.02
https://www.youtube.com/channel/UCWq41_f9942ajeGvz6zm8Tw,そーま,577,107201,12,2014/09/20,8933,1.61
https://www.youtube.com/channel/UCjAL6GN3SF9DtoGLzq1cN_w,HO SE,156,34963,44,2017/09/06,795,9.81
https://www.youtube.com/channel/UC4Ufr9HaPR6HXkWwbOMngsQ,ゆっくりタカちゃん,173,18370,78,2018/03/23,236,19.78
https://www.youtube.com/channel/UC3bKsov7C45MlyOd6Gv49Rg,Kawakami,180,58080,16,2020/09/09,3630,10.86
https://www.youtube.com/channel/UClVs_XsFpcGpOL6Zc8EQ-2w,uran,418,112391,30,2015/12/29,3746,4.86
https://www.youtube.com/channel/UCyD99Sthr_fYC_ykSUc0iXQ,ロトまるチャンネル,465,124684,36,2019/10/11,3463,15.07
https://www.youtube.com/channel/UCMhw1R6QqjQ02kJ25XgsUrQ,Jupiter Channel,251,55274,34,2017/07/05,1626,7.30
https://www.youtube.com/channel/UCaork7aPOyhBhDkqgKy6nvw,Th- 90,29,7395,5,2018/05/30,1479,1.33
https://www.youtube.com/channel/UC1haLsjqDlg90yDk87gSU6A,ミルク365【ゲーム実況】,1020,352532,881,2018/04/15,400,227.09
https://www.youtube.com/channel/UC1D_NcWp5nJG9YAhTBi-LOw,【HAKA】ハカ,55,2171,10,2020/12/31,217,8.59
https://www.youtube.com/channel/UC7qHHn0DD-RlylFeLWBZBdQ,プライン_prine,65,3223,7,2020/05/01,460,3.82
https://www.youtube.com/channel/UChyJ1EJGJ_XxWzkS8H3l2WQ,ホロたん,78,4032,62,2020/03/31,65,32.33
https://www.youtube.com/channel/UCIjDHRskwPX6k-_R4TpBh1g,トライイールちゃんねる,73,9486,28,2019/07/20,339,10.70
https://www.youtube.com/channel/UCQz2m_71BfKhySo9WXtPkUw,ひなと,210,30231,6,2020/07/12,5039,3.67
https://www.youtube.com/channel/UCtApcafuFmID-q73iDJdCEA,にしどいつ,6070,2094545,10,2020/05/27,209455,5.68
https://www.youtube.com/channel/UCr3TokqCo-4PR2yg1fL_eiA,疾風[HAYATE],170,18008,22,2020/01/24,819,10.47
https://www.youtube.com/channel/UCQFe9UAFYk2EdA6rUJF8Hzw,横はぷオホーツク田中,427,35545,11,2017/02/16,3231,2.18
https://www.youtube.com/channel/UCMQhEH3R5ttNx8qS2o7Xnkw,natsumetv-JPN-,191,17602,26,2018/12/06,677,8.04
https://www.youtube.com/channel/UC55nBjrza33toN8d2kOoVhA,らのふ_RANOV,586,56547,6,2020/04/24,9425,3.24
https://www.youtube.com/channel/UCZ-pIfiiRCA5Tvb5CUATu3w,_鹿 / D.I.F,132,13997,5,2018/02/04,2799,1.23
https://www.youtube.com/channel/UCAFDDYSGFXB13UnGBR00UUg,废品haihin,41,482,2,2018/10/15,241,0.59
https://www.youtube.com/channel/UCE_2DVewu9VFRGUmXD7vICg,channel Rei,347,286571,289,2015/07/25,992,43.75
https://www.youtube.com/channel/UCNV3gywgkp4w8r1PWj4chQQ,名名し,771,298453,16,2018/09/09,18653,4.60
https://www.youtube.com/channel/UC0w-l5rF60Di5ghgoMJnRNg,ミツのゆっくりチャンネル!,0,29374,105,2019/04/08,280,36.22
https://www.youtube.com/channel/UCE5jtcnYsAoAseLuTFWI5ig,あんにんどーふ。,134,1309,14,2018/12/24,94,4.39
https://www.youtube.com/channel/UC2XFVpOqFgWm6hU46qa7OPw,IKANEKO_3tamaria,219,21420,19,2017/08/19,1127,4.19
https://www.youtube.com/channel/UCXcZJGM_mpejEtOHPoAnhTQ,砂砂,221,33233,5,2015/04/07,6647,0.72
https://www.youtube.com/channel/UCeGWASs2cQILY-AgtbfPsrw,東風谷ポッキー,52,6321,4,2015/09/03,1580,0.62
https://www.youtube.com/channel/UCmU2owJngMXU98q8YsEBptw,クーゲル KUG3L,274,32169,35,2020/01/19,919,16.55
https://www.youtube.com/channel/UCJlol7IsM-OBVejRkxY7Gvg,sasacama86,32,3119,38,2020/04/20,82,20.40
https://www.youtube.com/channel/UC6wSbVohvTm11RYdZVx7nQg,むらびとの広場,101,14309,105,2019/02/01,136,34.10
https://www.youtube.com/channel/UC6SEyX2BUjV6d0lruI4rPsQ,あまちゃんねる,124,17531,23,2017/08/11,762,5.05
https://www.youtube.com/channel/UCNeQgcB0kGdunAZ3oJGO1-Q,Ayu,98,18156,36,2018/07/30,504,10.03
https://www.youtube.com/channel/UCSfnrumOYl_Pd67-SqiF2jg,Shihoマイクラ軍事部チャンネル,31,1538,6,2021/02/25,256,5.93
https://www.youtube.com/channel/UCr4G-GLMCbX4urG2W0nLmOA,pikutoぴくと,291,121971,29,2020/04/01,4206,15.14
https://www.youtube.com/channel/UCV7w3BQDdpFp1e5hVLkJPqQ,Roi,117,12497,25,2020/05/27,500,14.19
https://www.youtube.com/user/willtodo2020reborn,ゼロから始める動画制作,127,12911,13,2020/02/27,993,6.47
https://www.youtube.com/channel/UCyKrMreDDr-qlII-6Pe94Sw,ライクモチガミ,20,2454,42,2019/05/18,58,15.06
https://www.youtube.com/channel/UC7stSGCpcX5d84DWZt7YhNA,回路の妖精,151,17626,26,2021/03/11,678,26.73
https://www.youtube.com/channel/UCj29lqpnP4SPpZO8s5S0qlA,Yoiyuya,121,0,0,2018/02/25,#DIV/0!,0.00
https://www.youtube.com/channel/UCVlUJPB8oLiWaLWaIfZ1F6Q,GrayGhost 16,33,2168,8,2018/03/21,271,2.03
https://www.youtube.com/channel/UCEm-eFwNjvZ2x2q7KzSiyaA,大和春風,520,151378,102,2020/01/25,1484,48.60
https://www.youtube.com/channel/UC9geJKrA9gHOJ_9W8tx8A6g,you8765,78,6439,9,2021/04/01,715,9.84
https://www.youtube.com/channel/UCY9JkZZE0x5PZGcZn3wFMxA,あーるすりーだお,24,1088,11,2020/06/04,99,6.32
https://www.youtube.com/channel/UCVdoUS3AdrC9fUiF2LUJPRg,Aramiri3700,870,121163,32,2018/09/25,3786,9.32
https://www.youtube.com/channel/UCe0agn6k-VxLBbfDZ5GZECg,yuki japan,38,4598,14,2020/05/08,328,7.72
https://www.youtube.com/channel/UCgUMif85EtTqDJ3ixl40pTw,shan,636,1750,3,2015/06/07,583,0.45
https://www.youtube.com/channel/UCZlBXR9kCeSVTo5quu50uUQ,tank goike,495,56702,2,2016/10/10,28351,0.37
https://www.youtube.com/channel/UCdcwMjDKi3UablCMSIJCtSg,れも_0724,527,86028,66,2018/06/13,1303,17.75
https://www.youtube.com/channel/UCJI4UZnmTyPPxqkx_u2L_qg,凡竹,92,6985,3,2020/08/21,2328,1.97
https://www.youtube.com/channel/UCJQSf-idDpG_sG1skDvjpAQ,Ragnarof.S,66,15395,10,2019/08/25,1540,3.97
https://www.youtube.com/channel/UCuXgVau5QV8bUCE21evt_QQ,katyusya,568,222613,25,2018/01/19,8905,6.08
https://www.youtube.com/channel/UC4uJhO7tsoIxEUeV3j7zQxA,SAMIDARE,128,0,0,2020/06/25,#DIV/0!,0.00
https://www.youtube.com/channel/UCY02DHPYRLc4fg4s8ePvqvA,TokaiHiryu,210,15988,14,2020/05/02,1142,7.65
https://www.youtube.com/channel/UC34Yug3tHXlTR2SlLYhQFgA,龍田二等巡洋艦,324,2786,7,2019/12/10,398,3.15
https://www.youtube.com/channel/UCcRQqDUJA5CKWhGxOYGSZjw,shokai ch,54,1981,7,2020/11/13,283,5.40
https://www.youtube.com/channel/UCRBYq6UFJej7KlpEZXdpsng,Schwarz EoH,13,0,0,2020/10/18,#DIV/0!,0.00
https://www.youtube.com/channel/UCpzOYDMMSLVWqOJPrHwuLpw,霧島名残,90,1855,1,2019/02/07,1855,0.33
https://www.youtube.com/channel/UCgbAoVoFAmXVGyojHPVnjRw,DDふれっちゃー,431,125151,20,2014/11/18,6258,2.74
https://www.youtube.com/channel/UC7g6KHAlpZUmzq6qVyWkKkw,真のゑんどー,44,10580,3,2014/09/20,3527,0.40
https://www.youtube.com/channel/UCLYEC1300SeY5EKKuUXiXAQ,musasino25,270,63554,7,2016/10/02,9079,1.29
https://www.youtube.com/user/sugiyanma2943,スギヤンmax,318,47504,5,2015/06/16,9501,0.74
https://www.youtube.com/channel/UCYZOHibphNLOZJHJeQWOZKg,はぶ、,402,142143,8,2014/07/20,17768,1.05
https://www.youtube.com/channel/UCZbAe7_DfdvKfgFhIIRRnFA,山西れのん,894,94220,191,2016/04/02,493,32.29
https://www.youtube.com/channel/UCB-1gft_s7yRmrbwDcdfQ7w,のじのじ軍事部 改,323,580783,3,2014/03/17,193594,0.38
https://www.youtube.com/channel/UCSWZ40eeyxgu-8AemZnZCbg,あきつ,580,136313,3,2014/05/21,45438,0.39
https://www.youtube.com/channel/UConsK6PBsALjZqhCC9VkOEA,京みのる,55,16476,7,2013/04/14,2354,0.79
https://www.youtube.com/channel/UCfS2JLh_TXxIN7hrHZ2OCmQ,Yamada_Ken,70,2493,1,2017/05/13,2493,0.21
https://www.youtube.com/channel/UC59yu-bTOVks18Xs8C46Eqg,みりフィルム,240,22313,7,2020/10/18,3188,5.12
https://www.youtube.com/channel/UCzHDYZWrovL1BeWrbF02hIw,山口静也,97,7239,4,2019/03/20,1810,1.36
https://www.youtube.com/channel/UC7BieeFi_fwxDCq-RzvJAOA,旭国軍務省,220,33627,39,2019/09/14,862,15.83
https://www.youtube.com/channel/UC-ku0XRN9VMmunfhJxigHUw,。雪風,41,6837,5,2016/05/14,1367,0.86
https://www.youtube.com/channel/UCiaHlohF_-_bKLGEiTzoP8g,みこシュー,736,146801,93,2015/03/27,1579,13.41
https://www.youtube.com/channel/UCqZ067b5quG8FnUAgselBDQ,べんべんまいくら,3,23,1,2019/02/08,23,0.33
https://www.youtube.com/channel/UCrLjyw7ADDnbLLWM_4Ibm-Q,Alis.C.Wallenstein Ch.,315,17316,27,2019/11/06,641,11.65
https://www.youtube.com/channel/UCtnbxmGTsL7ePCD06mNm5ZQ,反エリシア連合会所属N₂,3,648,2,2015/09/02,324,0.31
https://www.youtube.com/channel/UC0c1XUUtG8Gz2L7oQHp2v_w,スツーカのサイレン音,11,1332,6,2018/06/20,222,1.62
https://www.youtube.com/channel/UCaxEos004KNij4NA_M4RVxQ,LEGO MARIO,143,1176,6,2017/04/22,196,1.23
https://www.youtube.com/user/blackniwatori,blackniwatori,17,72231,3,2011/11/03,24077,0.29
https://www.youtube.com/channel/UCBMJTWFTNO6REgz4xgx6SPQ,ポテイトゥ,0,289,1,2015/08/16,289,0.15
https://www.youtube.com/channel/UCiYxdi1IpJXhGDIUl5d8T8Q,むらびとゾンビ,261,71470,2,2017/09/13,35735,0.45
https://www.youtube.com/channel/UCURhA-bwY2MCF3Dfl7R3T-g,nao1625,34,6705,9,2018/08/02,745,2.51
https://www.youtube.com/channel/UCPbVi8XxZa0pf4831WSUz8A,チャンネルかりっこりー,613,150386,27,2016/10/17,5570,5.03
https://www.youtube.com/channel/UCpmrB37gyxe68LAZgqYzQWA,ルヴィエトチャンネル,280,45559,15,2018/01/10,3037,3.62
https://www.youtube.com/channel/UC2AxH3CcIbfZmOQnQTEApJQ,不死鳥さん,14,2040,2,2016/06/12,1020,0.35
https://www.youtube.com/channel/UCVo5-fgK20gFv2lx9iwFVBg,ムクちゃんねる,331,59035,28,2021/01/09,2108,24.57
https://www.youtube.com/channel/UC6d9CyUxv2G5GcmzMVxHyQA,ソロビア連邦,165,21792,83,2020/04/23,263,44.75
https://www.youtube.com/channel/UCvtOe-io3WCLFpi_PNsUxkw,水雷艇長山本五十六世界一のPE防衛部を目指す!,283,120304,178,2017/07/16,676,38.47
https://www.youtube.com/channel/UCQEzpv_uCBUrThn6WSutanA,スプマイナイトノンボルマン,864,243705,244,2019/01/27,999,78.88
https://www.youtube.com/user/makaraeg,くりゅうしんまから,534,163960,111,2011/05/01,1477,10.24
https://www.youtube.com/channel/UCJay_0sB09H66Yh-6Qhk5KA,Kei提督,47,8459,53,2019/06/03,160,19.31
https://www.youtube.com/channel/UCMPxighBQIMwEAdv2sh1dog,ファイステーク,417,107791,72,2020/04/20,1497,38.65
https://www.youtube.com/channel/UCEwngbBqgkDl2ssWjo6O83A,SiLuk,323,33371,14,2019/07/01,2384,5.25
https://www.youtube.com/channel/UCZmRJru2DeJqcoiVBN6-DUw,Pondu,15,587,3,2019/10/05,196,1.25
https://www.youtube.com/channel/UCnqMflt5C-j_kMhMWRiKb_A,あすぱる,77,26373,19,2018/01/03,1388,4.57
https://www.youtube.com/channel/UCmS-dVIej_O1J2sRwT9WcRg,goenDo9910,17,433,1,2016/05/31,433,0.17
https://www.youtube.com/channel/UChXBcT-K-fq43yIyzooGCRw,神聖オラーシャ王国公式チャンネル,17,250,2,2019/03/16,125,0.68
https://www.youtube.com/channel/UCANVCguNpZgZG4uA0KGavxw,KR 暁クラ,257,25786,15,2017/03/15,1719,3.02
https://www.youtube.com/channel/UCruGrJ96Jyhmh4qvI4ZsuCg,shorori,140,27059,29,2018/09/09,933,8.34
https://www.youtube.com/channel/UCT-TV_TOrI_fssiHKEBtRuw,ウォーリア·式神領ゆっくりch,25,2100,2,2020/04/28,1050,1.09
https://www.youtube.com/channel/UCOWnYFAfj092ju9KWAC81Bg,Yukikaze Scarlet,179,18394,6,2020/08/12,3066,3.87
https://www.youtube.com/channel/UC7LRIvnGaVZnmUEw4lVjZ_g,もみじまんじゅう,189,33685,87,2019/11/02,387,37.36
https://www.youtube.com/user/kidoyouki,熊猫憂稀,273,0,0,2014/02/23,#DIV/0!,0.00
https://www.youtube.com/channel/UCFjtD0kIKuZiR-I6t86cCPg,short moto,50,1659,11,2020/12/12,151,9.04
https://www.youtube.com/channel/UCoUiNEjgZSZWuIqZXvxpIqQ,六方晶ダイヤモンド,396,141604,28,2014/03/01,5057,3.50
https://www.youtube.com/channel/UC04cdaY8GxbI8wvixLQLNjw,Yusei ch,388,36464,12,2017/08/20,3039,2.65
https://www.youtube.com/channel/UCzHBoihfYibnNWBOiwTUVNA,mn military,44,5319,12,2018/05/05,443,3.14
https://www.youtube.com/channel/UC_PXYpeDyH8kWJKCj2DAm6A,あかめがね,626,242179,63,2014/04/19,3844,8.00
https://www.youtube.com/channel/UCmtTNIX3XGsLWelyaKh6Kvg,yuzuriha1001,70,13772,9,2016/03/14,1530,1.51
https://www.youtube.com/channel/UC4hU65UiR4WUVK-BemNSMbA,ts 191,6,1161,16,2018/08/07,73,4.49
https://www.youtube.com/channel/UCOyMCOMdd7EBoz7Nr7U1PxA,【ウィニス軍事連邦】総司令部戦略作戦庁長官 響弥汰アルフィ,42,4571,39,2016/11/30,117,7.43
https://www.youtube.com/channel/UCiSIsCkRIZbfQnjY_dhjnrA,そうたけ【ミリタリーチャンネル】,722,15858,50,2018/08/04,317,13.98
https://www.youtube.com/channel/UCRq8fqrq9nKF50whFt0pQLg,ジサクジヱーン,41,4846,7,2016/09/20,692,1.29
https://www.youtube.com/channel/UC9z12JdEzfeYHNQ19EN4sNg,つばくろ重工,233,22260,20,2020/04/07,1113,10.53
https://www.youtube.com/channel/UC7c2b4qrax-7OiK7xYBYliA,日本を愛する青年将校,76,30961,31,2017/05/20,999,6.48
https://www.youtube.com/channel/UC-Xk5xvGq00LONwRy9e-lbw,saltydog16411,320,30699,2,2018/04/15,15350,0.52
https://www.youtube.com/channel/UClosWPO8NxHEdB5wrnMwDUQ,yasu1342,337,21220,121,2019/07/19,175,46.20
https://www.youtube.com/channel/UC2DCwqV8dwqeiwmfHMh6zkg,Red Torch,235,57464,14,2020/03/21,4105,7.20
https://www.youtube.com/channel/UC8BpWmDUdDdtI1SfE-eXcNw,cola soda,673,298221,2,2014/09/09,149111,0.27
https://www.youtube.com/channel/UC0kue4vUxSuJt-ZlTplZiiw,なべあきと,251,107872,25,2015/02/19,4315,3.55
https://www.youtube.com/channel/UCHbwjR0zpo4pdrREzMzSKPw,秋月型初月,40,16344,10,2015/11/01,1634,1.58
https://www.youtube.com/channel/UCAIg-xDRTBHHu_IdFJcHJMQ,tauyu 1.5,12,1816,20,2018/09/08,91,5.75
https://www.youtube.com/channel/UCh0Nb4Wf1uabWzksJFYTFSQ,ж Aloe Strelitzia ж,73,0,0,2020/02/01,#DIV/0!,0.00
https://www.youtube.com/channel/UCN2Z5-bqYiOTYPgLD0WpxIQ,んッッッだコラ,176,41238,6,2019/07/20,6873,2.29
https://www.youtube.com/channel/UCWw9D3RQr0HZ0loCZPzIoUw,yu_uya yuuya,108,28465,25,2016/06/20,1139,4.39
https://www.youtube.com/channel/UCH1-8OWeQJuo79-6AgDKvqA,荒ぶるボビン,239,18061,5,2019/12/19,3612,2.27
https://www.youtube.com/channel/UCTrCrQUPUCj7WrvMFvdWi4A,須藤直大,8,1989,1,2015/04/26,1989,0.15
https://www.youtube.com/channel/UCCXb4AUZmVUF16n7kuyDVxA,こたどんgames,37,4381,29,2020/03/11,151,14.70
https://www.youtube.com/channel/UCXcS_A67GTC3Z9-cW0xTjuA,きゃんでぃ,24,0,0,2020/01/26,#DIV/0!,0.00
https://www.youtube.com/channel/UCoEqgc_vXtyMH45CZPVhPkg,G ray,149,12014,5,2017/04/05,2403,1.02
https://www.youtube.com/channel/UC4QGMHwF0rU0CDTUgIpEiZQ,ラフォーレ,18,1526,2,2018/10/29,763,0.60
https://www.youtube.com/channel/UC4xrZrIDpvwbGw2NllI-x_g,永遠,358,253741,262,2014/10/24,968,35.62
https://www.youtube.com/channel/UC3d3Tqdn36Te3YwXRbuZVag,X shikitanZ,180,91867,11,2013/10/29,8352,1.32
https://www.youtube.com/channel/UCdtaL6Kobaka1R1d7livMrQ,とあるマインクラフター,57,10463,25,2019/06/23,419,9.29
https://www.youtube.com/channel/UCmbngrbXBddfbvO4XPuwvZw,スラネオ:minecraft軍事チャンネル,79,7190,24,2020/05/30,300,13.69
https://www.youtube.com/channel/UCPOkjhAfnKbutZ7fZFdwd4w,Yotsuba 968,11,2079,10,2016/08/30,208,1.82
https://www.youtube.com/channel/UC2CAH-5p0iUOJlCWKI79nLg,ゆっくりネオ,301,18683,20,2016/03/26,934,3.37
https://www.youtube.com/channel/UCzBe8DMG2ItUF98preptDYQ,O o,17,6335,22,2016/05/24,288,3.81
https://www.youtube.com/channel/UCrMftbPaUOOsDB3XeVNqovw,たどころこうじ,33,4850,14,2018/07/26,346,3.89
https://www.youtube.com/channel/UCukxPEHPnAYT6B_XVT9Hppw,ルンモtea,595,107418,156,2020/01/16,689,73.47
https://www.youtube.com/channel/UCanU_riQLhWx1HdmbbAUglQ,ユクリパ.,94,7244,70,2016/12/08,103,13.38
https://www.youtube.com/channel/UCbv8rXHk2dfMmUUAUh5Onvg,帝国リンゴ,1,53,1,2018/12/08,53,0.31
https://www.youtube.com/channel/UCF3kF9VS9IH30V23gqgIchg,Shun SKS,47,5519,7,2018/01/03,788,1.68
https://www.youtube.com/channel/UCRWJsoTnXEm2mkcUIoHxYig,MK Panzer,49,13567,54,2016/12/13,251,10.35
https://www.youtube.com/channel/UCambzPkT_0udqV2QKum_IOw,紅ノ人/Akanohito,65,12063,56,2018/02/02,215,13.74
https://www.youtube.com/channel/UCmSgD5jyLMLzM-15DWztw3w,東西往復,35,6862,2,2016/01/07,3431,0.33
https://www.youtube.com/channel/UC-Okl08D_Koq5j-05TMk19A,連邦共和国kapiika,1,164,3,2016/07/02,55,0.53
https://www.youtube.com/channel/UCjyA--A6NV-sVqrwropuSvw,ヒャド&ドルマ,31,5524,6,2018/10/02,921,1.76
https://www.youtube.com/channel/UCCubvMsBwk6JMVtqpQGYxVQ,だるーしゃ,130,24676,7,2016/05/05,3525,1.20
https://www.youtube.com/channel/UC_Xq3DDRMt3ksOk4uSS4Apw,うさ男,261,0,0,2014/12/11,#DIV/0!,0.00
https://www.youtube.com/channel/UC27MXy9QYUXx2vJ72OUfEgQ,りゃんちゃんねる,64,1993,1,2020/04/08,1993,0.53
https://www.youtube.com/channel/UCcg3-uo22BfI9mcIvgd0P3Q,Johannes Ⅲ,13,5543,2,2014/01/25,2772,0.25
https://www.youtube.com/channel/UC_t8XHTjjXOkynEZ8r5s-Dw,GurePan,126,48253,15,2015/12/27,3217,2.43
https://www.youtube.com/channel/UC9uzJRfqWBkJA3hwuj8ZipQ,Minecraftで遊ぶ。,14,1716,10,2018/01/26,172,2.44
https://www.youtube.com/user/tadashiiiiii,tadashiiiiii,9,0,0,2013/11/10,#DIV/0!,0.00
https://www.youtube.com/channel/UC3nF3J8DQId7Xb-QQJEw6FQ,じゅんきょうしゃ,4,749,1,2016/11/13,749,0.19
https://www.youtube.com/channel/UCNCNmUTcbJ0UyNOIH27PekQ,Seya Kamineo,798,1508119,18,2013/08/13,83784,2.10
https://www.youtube.com/channel/UCsiQ6bVINf4sqr1ZEmnNiMw,ケイ,,,29,2009/10/24,0,2.35
https://www.youtube.com/channel/UC0LqCDKbUOrXfyzzyuhwh8g,和,202,504,3,2019/03/03,168,1.00
https://www.youtube.com/channel/UC1_R6hG8jruz3dIBZPzenfA,あはとの木,35,1486,57,2018/11/18,26,17.35
https://www.youtube.com/channel/UCrs2MiK6z6Hxj5vyEFnR8wQ,Wolf連合国,196,25243,54,2019/08/11,467,21.13
https://www.youtube.com/channel/UCYWQUHbGdc31yb8i3aDaN5g,DAZ_128,94,5874,2,2020/05/16,2937,1.12
https://www.youtube.com/channel/UC0XeRuBMNaaDp3faIUJ7qcg,Halーハル,617,58272,41,2018/01/05,1421,9.87
https://www.youtube.com/channel/UCu2Nu2J8atDw65mtOaGePYw,JMSDFプロジェクト制作委員会,64,4553,1,2020/11/17,4553,0.78
https://www.youtube.com/channel/UC9tAnTLHV5LpHleFy5z7AoQ,グロウジーク兵器生産講座,91,14166,2,2015/06/06,7083,0.30
https://www.youtube.com/channel/UCv-02HtVhr2y7JBMpDK9V9A,ふぁばゆうき大魔王5世,204,32132,383,2020/11/08,84,292.46
https://www.youtube.com/channel/UCEynm9oHmr-2EA1rvCyv-9Q,オホーツク2号,1360,391125,7,2021/01/02,55875,6.04
https://www.youtube.com/channel/UCg3VLt21JFoADnrj73SSRDQ,豆,236,24233,301,2018/09/24,81,87.61
https://www.youtube.com/channel/UCzYXDJqh2kmFdQGM_6WbatA,チリ帝国PEF軍事部放送局,88,21515,144,2019/11/23,149,63.40
https://www.youtube.com/channel/UCokGqK4gUyuEa53KVgL855Q,マイクラWiiu軍事部,8,564,1,2017/08/14,564,0.22
https://www.youtube.com/channel/UCZ275eTZCOSyW9eEzgzJDZw/videos,ERM. 127,44,1471,16,2019/10/04,92,6.64
https://www.youtube.com/channel/UCRoBjiCbpSbPhSnJVp0s6qg,pokotan _1911,19,2730,3,2015/03/31,910,0.43
https://www.youtube.com/channel/UCpDl7NPdmso4Vgef8QkUHYg,SFC OB,7,0,0,2020/11/22,#DIV/0!,0.00
https://www.youtube.com/channel/UCm7WnrlAKmEvJ2vX474nJ4A,nitro 03,189,49372,51,2020/02/28,968,25.43
https://www.youtube.com/channel/UCT9ryOuQRZYUpiMw-O5ASoQ,白橘花連邦,7,2673,3,2017/08/02,891,0.65
https://www.youtube.com/channel/UC1pEYD9Fwcsv236xZxStgEQ,あ綾,7,946,3,2016/06/26,315,0.53
https://www.youtube.com/channel/UCucP-ycEd6AklhXJO08UOAw,暇人kannaヅキ,2,61,2,2021/02/21,31,1.96
https://www.youtube.com/channel/UCYMnhCOWe9QDSksjtE5K5Ng,サトウキビ,43,4890,4,2018/04/03,1223,1.02
https://www.youtube.com/channel/UCtuvZ2tI1m1LRvPHABTBzgw,Nogi_96休止中,65,7102,6,2017/08/01,1184,1.31
https://www.youtube.com/channel/UCwsd3LSnkriQG0R5OZjVVtA,Yuko Ando,5,81,2,2020/04/27,41,1.08
https://www.youtube.com/channel/UC4WfLSnH_McEiBoMAsjTTMQ,志筑朱留,10,13572,1,2014/06/15,13572,0.13
https://www.youtube.com/channel/UCKknPPsFwNeBDhtJC1j3QrA,mm yu,57,4407,1,2020/12/08,4407,0.81
https://www.youtube.com/channel/UC7vtmZ9x3icDtQB2Hh9Nqkg,レイスン,8,810,8,2019/06/29,101,2.99
https://www.youtube.com/channel/UCWR-YDQwVkg3gtissBi8qVQ,しまかぜ丸提督,25,809,7,2020/05/19,116,3.92
https://www.youtube.com/channel/UCtqtmhO29kbTK4YkMLf8Eiw,Yunagi-Fleet SUB,4,113,1,2020/05/18,113,0.56
https://www.youtube.com/channel/UCZ6nLxEIxSTi3QK2cnS0LhQ,ヘレン民主共和国,5,135,3,2019/10/23,45,1.27
https://www.youtube.com/channel/UCyYbhjgna63NkHs7dL_rouQ,新日本統一連邦広報局,8,490,3,2020/05/11,163,1.66
https://www.youtube.com/channel/UC_9YaXMXpoLtndU7Dmo1RTQ,ネクサス帝国三代目皇帝リュウガ,7,83,1,2016/11/05,83,0.19
https://www.youtube.com/channel/UC19Yqgr3ObwP4VY6cGKxDoA,Solomon Walker,363,59983,6,2016/02/24,9997,1.00
https://www.youtube.com/channel/UC_NRPAApBQB1a5GATkJ7oxQ,タリズマン,410,91968,39,2019/03/23,2358,13.25
https://www.youtube.com/channel/UCSjE7dbZduT658oGJwJy3Cw,NTEC,37,0,0,2020/03/05,#DIV/0!,0.00
https://www.youtube.com/channel/UCop5Ka5IHiJnP_OZ4H7-QFw,12315 masamasa,154,3783,2,2015/10/18,1892,0.31
https://www.youtube.com/channel/UCrXFwOYdrbw6-sUEKXPgSZQ,FCNニュース放送局,15,693,13,2018/08/27,53,3.70
https://www.youtube.com/channel/UC9h-itu0t2ebeDmzdwsOwGg,-Pymanman2 MCFillms,131,13015,7,2019/02/24,1859,2.32
https://www.youtube.com/channel/UCoo0hUvHyeN010ydkZoTTng,ンダ,97,29829,10,2016/03/05,2983,1.67
https://www.youtube.com/channel/UCO6hzos_fYMqN-2tcw7TQ-w,大佐山帝國,35,2249,58,2018/06/30,39,15.80
https://www.youtube.com/channel/UC_8byuMFt49oTNeg6k1Rhcw,Lemon Cake,71,7183,4,2020/05/13,1796,2.22
https://www.youtube.com/channel/UCX5_DPAwpHjGr25uLgGWJdQ,ta syou,154,57490,14,2013/03/17,4106,1.56
https://www.youtube.com/channel/UCrwZNTdHcQVOi8C-5MtSB1g,日向連合王国。現秋月社会主義連邦,3,649,3,2016/05/01,216,0.51
https://www.youtube.com/channel/UCo3v4Cesa56eoiocMgVgm7A,ねこやー少佐,22,1049,6,2020/05/13,175,3.33
https://www.youtube.com/channel/UCCBvbMAu3h41-mHi1NZr0FA,兄K暁連邦軍事部,7,596,1,2018/01/07,596,0.24
https://www.youtube.com/channel/UCZAhtg4insfEOeKl2LXiGsg/videos,ゆっくり帝国海軍,12,1192,2,2016/06/30,596,0.35
https://www.youtube.com/channel/UCdmaSWM3rtYn0E1iRHPQm_w,[Hiroshi]ヒロシ,205,32460,4,2017/07/17,8115,0.86
https://www.youtube.com/channel/UCs6gCmeeHWT2K_F5DTYTrmQ,amazo 214,18,5813,2,2016/04/16,2907,0.34
https://www.youtube.com/channel/UChKPVXBjVwYKyhpMUzPcN5g,ベルノウェー連邦,27,3333,3,2016/01/23,1111,0.49
https://www.youtube.com/channel/UCzi7Y_t72Nif2tqVQ5aIPxA,パロジャジョーズ大連邦国 キシン,21,1494,5,2021/02/21,299,4.89
https://www.youtube.com/channel/UCpL9tAGSTtYSdZKsAKCPT7w,連邦国イジスブル,3,274,1,2016/06/18,274,0.18
https://www.youtube.com/channel/UCabo4dvrLG9kVglQ0QNWvvg,Rhinoceros MBT01,64,9445,1,2015/05/24,9445,0.15
https://www.youtube.com/channel/UCP5iyk8uHG_ZnWv-EfPABwA,Engineer_過疎ゲーマニアの雪さん,65,5950,22,2018/12/06,270,6.80
https://www.youtube.com/channel/UCVr6ouIln2nDQJEVGkJ3_8Q,BongoBongo2,17,820,7,2021/02/01,117,6.50
https://www.youtube.com/channel/UCUO0LLB-CPMlM0Nj8RUVxOg,しば,78,14427,5,2019/04/01,2885,1.71
https://www.youtube.com/channel/UCTdWt3y9x-FVMbWucY7xv9Q,G G,105,28032,77,2020/07/14,364,47.24
https://www.youtube.com/channel/UCUsWL-_2TRNDBrrkGmuRh3g,フギン准尉,58,5265,51,2020/08/06,103,32.54
https://www.youtube.com/channel/UCgJCeYuLU3ABGeu4W_Mqzxg,カイワレ予備軍【船曳】,52,5646,35,2019/12/14,161,15.81
https://www.youtube.com/channel/UCS1uQI7-_p-StCWabp5oOdA,Уãħø君,23,0,0,2021/03/10,#DIV/0!,0.00
https://www.youtube.com/channel/UCZqiLiL76334-ItI0y-nmeQ,かーべーたん,85,4853,26,2019/07/18,187,9.92
https://www.youtube.com/channel/UCfnBnpmoHFSWMkNL3D7ru5A,Arink0,54,11474,60,2020/06/13,191,34.98
https://www.youtube.com/channel/UCVLITOCyS5lT-CbjM5asACw,Wataさん,441,112687,34,2020/10/10,3314,24.48
https://www.youtube.com/channel/UCIfGxxpZjCCg9fl7x50tVXQ,ヒロ,4,518,6,2021/01/23,86,5.45
https://www.youtube.com/channel/UC2IT7y94gGi8lMMC56RGCSQ,X-32,8,34,1,2021/04/05,34,1.11
https://www.youtube.com/channel/UC2sialjoKYIA1uNOmu4nsDA,ワンさん,28,16,3,2020/10/12,5,2.17
https://www.youtube.com/channel/UCRgdruJ8DxuLflJYhZ-5HNw,rekamu 2000,43,2470,4,2021/04/07,618,4.45
https://www.youtube.com/channel/UCC1orEKGYCpuAABbuxhKkKA,まっち,9,85,1,2020/08/30,85,0.67
https://www.youtube.com/channel/UCtuPgt_CBgqIeONadCqEIBg,ぼーんねこ,38,2028,24,2020/07/24,85,14.97
https://www.youtube.com/channel/UCTo8CXTNOY50E9wOBH6Ocsw,RuskLabo / ラスクラボ!!,38,2584,44,2021/02/04,59,41.18
https://www.youtube.com/channel/UC7K1E9b9BgCmL6U6KgJXupg,鯖さん,600,73329,31,2021/03/25,2365,33.18
https://www.youtube.com/channel/UC73ecQlMQSiTHpLgiXWPhSQ,革命おじさんСССР,272,47415,28,2020/09/05,1693,18.86
https://www.youtube.com/channel/UCIA6mhm2tbF2buPxKDbQgag,nekomura ch,108,6633,499,2020/03/06,13,251.22
https://www.youtube.com/channel/UCIjT_8L7y1kF2h2YmBMbSeg,初代亞魔,1,94,2,2021/04/09,47,2.24
https://www.youtube.com/channel/UCOgRsb1heLUrOgZ6nIfslJg,Mankachinの実況しないチャンネル,109,23373,43,2021/02/26,544,42.65
https://www.youtube.com/channel/UC5pgG1pAMqdQ9ZY4lmtB-Rg,Skyhawk,8,333,2,2021/05/01,167,2.40
https://www.youtube.com/channel/UCU985x8EZP66ubTumY06FZA,APC アプ 117-2,81,3741,4,2020/11/23,935,3.15
https://www.youtube.com/channel/UCiYC9mIrPvf4Z4A_yfmgutw,Anvil /そこらの金床,46,4379,17,2020/12/28,258,14.50
https://www.youtube.com/channel/UCa8VIwiHGtucYCzWZ0og-Kw,MIYAGI,73,7911,8,2021/03/28,989,8.64
https://www.youtube.com/channel/UCPY3BUZbF1-Rk3LWYhxPpBg,にゃんた,683,161657,44,2017/12/14,3674,10.44
https://www.youtube.com/channel/UC0BwKRQ4ayoQIsjbAG7Palw,玉ねぎ,7,364,1,2017/12/24,364,0.24
https://www.youtube.com/channel/UC7Gi3eYEGDm-RYjWEGmE4JQ,コーヒー豆276,35,1973,5,2021/03/23,395,5.32
https://www.youtube.com/channel/UCR-on1hhc0Dm8bwVPgQFZlw,二世バカガエル,73,37408,44,2016/10/03,850,8.13
https://www.youtube.com/channel/UCy0bnzqNhfzQ1vj_R-oWmLQ,なおなお,287,38085,5,2020/04/05,7617,2.63
https://www.youtube.com/channel/UCHZeBg5-bdO7APe_7uxgjew,RYO TV ゲームス,6,0,0,2021/07/04,#DIV/0!,0.00
https://www.youtube.com/channel/UC7Oj2wNbrVm62iWB6sv6fbA,Clock Channel,366,83789,17,2020/03/13,4929,8.64
https://www.youtube.com/channel/UCyiE6z0xctiRoaROmD9rmFw,あさぎりあさぎり,43,1221,1,2021/06/21,1221,1.44
https://www.youtube.com/channel/UCxfUgCHdWOoCng5pvntKd5A,信原康江,2,247,3,2021/02/28,82,2.99
https://www.youtube.com/channel/UCZsgiJMBJ_3peIE4CaglINw,土野合衆国軍/Minecraft軍事部,5,114,3,2019/03/09,38,1.01
https://www.youtube.com/channel/UCivWYFTsFOKnvQj1FcpTnSA,Pz.Kpfw.りっくん,25,2078,3,2019/07/18,693,1.14
https://www.youtube.com/channel/UCrIGVCl5D7Djih4--4to2vA,タィー富士 軍事部,3,41,1,2021/04/26,41,1.18
https://www.youtube.com/channel/UC1O6Mqk60_x4HOg7cR1xxCA,えふえぬえす,1,70,1,2016/09/10,70,0.18
https://www.youtube.com/channel/UCjy-5ywIZHhotNy78wp8Idg,KOYOMI 1,57,32878,124,2018/06/12,265,33.33
https://www.youtube.com/user/sfsh1995,sfsh,6,244,3,2014/03/27,81,0.38
https://www.youtube.com/channel/UCC6HBNr0F7kyRU762ZGtpTg,Kpvp,26,4683,20,2021/02/09,234,18.96
https://www.youtube.com/channel/UC-PY0B6LqcN4ZWnJw9hHbGQ,reiran,57,72,9,2020/08/28,8,5.97
https://www.youtube.com/channel/UCpSaRQ5af6hzy9rbl_ZTFEA,ななさん,14,582,9,2021/02/21,65,8.81
https://www.youtube.com/channel/UCoeazeGw3f_Wa327bnRgBaQ,オータル,3,86,3,2020/08/25,29,1.98
https://www.youtube.com/channel/UCQ55AtZzc2dd8Txc5fcSTEw,ねぎとろ司令,17,603,1,2020/11/23,603,0.79
https://www.youtube.com/channel/UCmJfMI7NZklMJ1zXSsb-Eqg,ぽてとなん！,174,26259,26,2021/07/27,1010,43.73
https://www.youtube.com/channel/UCXugA9QoF36lub-2v_ywIJg,ダンジャルタン,36,1817,7,2017/08/25,260,1.55
https://www.youtube.com/channel/UCQCBwZG47P0ID6ltWpHQRHA,【In via】 Natsunii,68,3425,53,2020/05/29,65,30.18
https://www.youtube.com/channel/UCzD5AdNmQ_dMkGPmaJzTjrg,hahi鳩,8010,407351,76,2019/09/15,5360,30.89
https://www.youtube.com/channel/UC-e-7HwQYmFHZKbOwWXiZpw,water channel,80,32143,30,2018/09/22,1071,8.72
https://www.youtube.com/channel/UCLy96S27RDUT7Qqd24nle6g,えいまぼ,121,10052,14,2021/05/22,718,18.06
https://www.youtube.com/channel/UComWcSJDLnuslSXnqmmGTng,potatone,993,476001,21,2016/04/20,22667,3.58
https://www.youtube.com/channel/UCF2yx45AuN3DzTOFbkX3JCA,投稿頻度が低すぎて二階級特進したチャンネル,0,4454,7,2020/12/30,636,6.00
https://www.youtube.com/channel/UCSePWuFgyJZwoE-w4cWTCOQ,あどみらる,80,4178,1,2021/09/10,4178,2.12
https://www.youtube.com/channel/UC5bL8Nh5P1gZcpQ-cTltpGg,HAKA【mark.2】\,15,192,2,2021/08/18,96,3.74
https://www.youtube.com/channel/UC54y98r7n6GKWbTaasnphbg,麻生,82,18460,28,2021/08/15,659,51.62
https://www.youtube.com/channel/UCWDKLB_wWluaC31a8joBbrg,NOOB0103,35,1146,2,2020/04/28,573,1.09
https://www.youtube.com/channel/UCUUm95GkVH65VELPLuJ_V_g,_F Conripi,343,128991,14,2016/03/29,9214,2.36
https://www.youtube.com/channel/UCzIOVWHbSNUgeGSPO_7YDJQ,クロレキアCH,60,2896,50,2020/12/20,58,41.86
https://www.youtube.com/channel/UCzE5SqQbgotSqA9tXQkpNPQ,yapio,102,22915,26,2019/06/16,881,9.60
https://www.youtube.com/channel/UC6lpNq_aSFujB25o9pLytIQ,可愛いの極み,46,2896,16,2021/08/26,181,31.23
https://www.youtube.com/c/answ21,answ21,1060,396717,188,2013/09/17,2110,22.23
https://www.youtube.com/channel/UCQuksytHrO6L9Xj4yPX9cGQ,840 haketa,22,4402,16,2021/08/19,275,30.10
https://www.youtube.com/channel/UCkuFbEhmRHFvs1y0COG_HoQ,Ryu san25l0v3,76,24721,3,2020/06/13,8240,1.75
https://www.youtube.com/channel/UCPJV3HCR9jEJmJKbnR4T_rQ,Z0o0E0x,106,73894,10,2013/06/19,7389,1.15
https://www.youtube.com/channel/UCGJ_IlHjHL34CZnwyL21anQ,USP40 〜TNTキャノンゆっくり実況〜,164,29412,12,2021/08/24,2451,23.17
https://www.youtube.com/channel/UCEEI88FnvSGrOU54_5Ntv7Q,ざるつっ,34,2461,7,2021/08/19,352,13.17
https://www.youtube.com/channel/UCfrggoy84Xq6sEjTH6BaNJQ,Popo Chen,1160,353094,40,2016/12/27,8827,7.72
https://www.youtube.com/channel/UCwWfHRHnVnP171uRq0ee1Sg,【私は美味しくないよ】京都まんじゅう,33,1182,23,2020/11/23,51,18.13
https://www.youtube.com/channel/UCdNMhiL_rUaot5Nnp7PISkg,Катюша for Android,217,122855,63,2020/03/31,1950,32.85
https://www.youtube.com/channel/UC7wIYf7bhEvMgBlGbsIba3w,カプレカチャンネル,161,26907,17,2021/05/03,1583,20.55
https://www.youtube.com/channel/UCJjQJ15R-CWidxf-dDrKtOw,さくたら。,155,112416,23,2018/09/24,4888,6.69
https://www.youtube.com/channel/UCN2SfQMpErGQ7DIWj043hDA,千歳王国たけのこ,18,904,11,2021/09/23,82,25.25
https://www.youtube.com/channel/UCIFVYWXpGENDiJxP_7v-qng,12クラク！,73,10416,80,2021/04/14,130,90.97
https://www.youtube.com/channel/UCvYz-Y3gKsvK3g2PM7ESJOw,虎杖すがお Itadori Sugao,1000,744663,192,2018/09/02,3878,54.92
https://www.youtube.com/channel/UCzpF2C2CEhBDGzaQo82rVKw,Crafter MOCHI,5,125,3,2021/11/03,42,9.28
https://www.youtube.com/user/nekorozii,nekorozii,45,14036,3,2013/08/25,4679,0.35
https://www.youtube.com/channel/UC85nV0NwH_7YnzF84bqjteA,OCB Gaming 【初心者講座&参加型LIVE,4850,1045190,1348,2019/07/17,775,513.59
https://www.youtube.com/channel/UCF5z3FgygHQDifL7FSmfneA,萩野あお,5,220,3,2021/12/17,73,14.80
https://www.youtube.com/channel/UClXRJzKq4bJX1D3_rwvL0Kg,sawa 1632,24,733,6,2019/08/14,122,2.35
https://www.youtube.com/channel/UCyWV2DMytjZEY4w1mW9eXrQ,すなを[マイクラ軍事部],33,6170,20,2022/01/08,309,140.38
https://www.youtube.com/channel/UChsalREBaKLbl8smMcDnYDw,Jung Tenesu のワクワクマイクラだよ,107,12902,18,2020/10/30,717,13.49
https://www.youtube.com/channel/UCxNyC5oiyBefh9fOjclyJZQ,うつせみ,19,468,4,2022/01/24,117,40.56
https://www.youtube.com/channel/UCUXbrp4351shv3xO2i3zLAA,Anzenavy / 安勢国,5,19,2,2021/07/29,10,3.40
https://www.youtube.com/channel/UCGRRzeJhHecFSqRUyiViELA,ハルGAMES実況チャンネル,304,18862,238,2019/07/28,79,91.73
https://www.youtube.com/channel/UCXBivwEQqCrUltiItvBq7JA,とある103,0,69,3,2021/01/04,23,2.60
https://www.youtube.com/channel/UCubrJLo4PlNxWbiXlblYupw,igyman,3,183,6,2021/04/21,31,6.97
https://www.youtube.com/channel/UCcsWP-AUKsOVhCJvernin1w,ぺーやんチャンネル,13,744,21,2021/12/05,35,89.13
https://www.youtube.com/channel/UCFH9GKEklznmhSpY2rFhWCQ,くらふたー,10,1628,2,2020/11/15,814,1.55
https://www.youtube.com/channel/UCe84E9dfZzbXYlI1T0jzYoQ,ゲーマー息子のマイクラ遊び,323,18792,31,2021/09/05,606,63.93
https://www.youtube.com/channel/UCp-hPDGjHmMhsRjLIJNYKDA,共産趣味者のMAAKUNN,193,73193,32,2020/11/25,2287,25.34
https://www.youtube.com/channel/UCFFI1DEnNoD_J9mABuDFkBQ,sugarシュガ,7,213,4,2022/02/02,53,54.07
https://www.youtube.com/channel/UCfHTSEnaiT1lvEpBgiNG9qg,ゆっくり実況者ふぐ,3,172,3,2021/12/06,57,12.88
https://www.youtube.com/channel/UCUVbZJbIVQ-3-wNttxNaZxw,コードネームベーコン,0,3987,29,2022/01/08,137,203.56
https://www.youtube.com/channel/UCXMCabHL6iqb0R7lbvBKREA,パーファー合衆国,5,51,2,2022/02/13,26,45.63
https://www.youtube.com/channel/UCfzfVdZUAS-YyFjWX4OAbiA,天城朱雀のNACOチャンネル,22,481,29,2019/05/19,17,10.41
https://www.youtube.com/channel/UCHZGCdnPV7tIYM4FKJXOBJw,ルルガネ重工業（改）,13,594,38,2021/11/18,16,134.66
https://www.youtube.com/channel/UC_MiT-KLFClGE8HerlaQ1rg,パンターかも,0,72,4,2021/07/12,18,6.29
